<code_scheme name="Default">
  <option name="PACKAGES_TO_USE_IMPORT_ON_DEMAND">
    <value />
  </option>
  <option name="IMPORT_LAYOUT_TABLE">
    <value>
      <package name="" withSubpackages="true" static="false" />
      <emptyLine />
      <package name="javax" withSubpackages="true" static="false" />
      <package name="java" withSubpackages="true" static="false" />
      <emptyLine />
      <package name="com.thecrunchycorner.*" withSubpackages="true" static="false" />
      <emptyLine />
      <package name="" withSubpackages="true" static="true" />
    </value>
  </option>
</code_scheme>