<keymap version="1" name="Default copy" parent="$default">
  <action id="BuildArtifact">
    <keyboard-shortcut first-keystroke="shift ctrl alt b" />
  </action>
  <action id="FileChooser.NewFile">
    <keyboard-shortcut first-keystroke="ctrl n" />
  </action>
  <action id="FileChooser.NewFolder">
    <keyboard-shortcut first-keystroke="ctrl n" />
  </action>
  <action id="MaintenanceAction" />
  <action id="SplitHorizontally">
    <keyboard-shortcut first-keystroke="ctrl alt slash" />
  </action>
  <action id="Unsplit">
    <keyboard-shortcut first-keystroke="shift ctrl alt slash" />
  </action>
</keymap>